fieldID,,,,fieldName,,fieldType,defaultValue,secondaryValue,,,fieldDescription,,,minValue,maxValue,tab

aitweaks_enable_fleet_cohesion_ai,,,,ИИ сплочённости флота,,Boolean,true,,,,"Автоматически назначать приказы движения крейсерам и линкорам, слишком далеко отошедшим от остального флота.",,,,,ИИ кораблей
aitweaks_ai_core_personality,,,,Характер ИИ-ядер во флоте игрока,,Radio,Aggressive,"Timid, Cautious, Steady, Aggressive, Reckless, Vanilla",,,"Переопределяет характер ИИ-ядер, управляющих кораблями игрока. В базовой игре автоматизированные корабли под управлением ИИ-ядер, кроме авианосцев, всегда бесстрашны. Корабли, характер ИИ которых изменён другим модом, не затрагиваются.",,,,,ИИ кораблей
aitweaks_fleetwide_search_destroy,,,,«Поиск и уничтожение» для всего флота,,Boolean,false,,,,"Все корабли игрока по умолчанию получают приказ «Поиск и уничтожение». Они не назначаются автоматически на «Штурм», «Ликвидацию» и другие задачи. Игрок может вручную назначать им любые задачи.

Если настройка отключена, отдельным кораблям всё ещё можно назначить этот приказ с помощью модификации корпуса.",,,,,ИИ кораблей
aitweaks_fleetwide_custom_ai,,,,Пользовательский ИИ для всего флота,,Boolean,false,,,,"Все корабли игрока, кроме авианосцев и фазовых кораблей, управляются Пользовательским ИИ мода.

Если настройка отключена, Пользовательский ИИ всё ещё можно включить на отдельных кораблях с помощью модификации корпуса.",,,,,ИИ кораблей

aitweaks_staggered_fire_threshold,,,,Порог цикла для поочерёдного огня,,Double,4.5,,,,"Если цикл автоматического оружия короче этого значения, одинаковые орудия стреляют поочерёдно через равные интервалы, а не одновременно. Значение 0 отключает режим. Для сравнения: цикл плазменной пушки — 2 секунды, лёгкого игольника — 5 секунд.",,,0,10,ИИ автоогня
aitweaks_enable_needler_fix,,,,ИИ кинетического оружия с боезапасом,,Boolean,true,,,,"Кинетическое оружие с боезапасом, а также стандартные лёгкий и средний игольники атакуют корабли только при поднятых щитах. Это экономит поток и повышает эффективность залпов против щитов.",,,,,ИИ автоогня
aitweaks_enable_beam_sweep,,,,Наведение лучей ПКО без отключения,,Boolean,true,,,,"Позволяет активным лучам ПКО поворачиваться к новой цели без отключения и повторного включения. Значительно повышает эффективность против скоплений малопрочных целей.",,,,,ИИ автоогня
aitweaks_strict_use_less_vs_shields,,,,Строгий USE_LESS_VS_SHIELDS,,Boolean,true,,,,"Оружие с тегом USE_LESS_VS_SHIELDS никогда не стреляет по щитам. При отключении используется стандартное поведение: такое оружие может атаковать щиты после заполнения боезапаса.",,,,,ИИ автоогня
aitweaks_allow_beams_through_shields,,,,Огонь лучами сквозь союзные щиты,,Boolean,true,,,,"Разрешает непрерывным лучам стрелять изнутри щитов союзных кораблей.",,,,,ИИ автоогня

aitweaks_use_vanilla_ai,,,,Только помощь игроку,,Boolean,false,,,,"Отключает все изменения корабельного ИИ, оставляя только функции помощи игроку.",,,,,Помощь игроку
aitweaks_shield_assist_keybind,,,,Клавиша передачи щита ИИ,,Keycode,27,,,,"Передаёт управление щитом корабля игрока искусственному интеллекту при ручном пилотировании. Когда щитом управляет ИИ, вокруг корабля отображается круговой индикатор.",,,,,Помощь игроку
aitweaks_aim_bot_keybind,,,,Клавиша помощи в прицеливании,,Keycode,26,,,,"Включает помощь в прицеливании для управляемых вручную групп оружия. Система автоматически рассчитывает упреждение для снарядов и неуправляемых ракет выбранной группы.",,,,,Помощь игроку
aitweaks_aim_bot_rotate_ship,,,,Помощь управляет направлением корабля,,Boolean,true,,,,"Позволяет системе прицеливания корректировать направление корабля при автоматическом повороте к курсору.",,,,,Помощь игроку
aitweaks_aim_bot_target_junk,,,,Наведение на остовы и астероиды,,Boolean,false,,,,"Разрешает системе прицеливания выбирать остовы и астероиды, если поблизости нет вражеских кораблей. Предназначено преимущественно для тестирования.",,,,,Помощь игроку
aitweaks_aim_bot_perfect,,,,Идеальное наведение,,Boolean,false,,,,"Система игнорирует движение мыши и точно целится в центр цели.",,,,,Помощь игроку

aitweaks_enable_devmode,,,,Режим разработчика,,Boolean,false,,,,"Включает режим разработчика мода.",,,,,Отладка и прочее
aitweaks_highlight_custom_ai,,,,Выделять Пользовательский ИИ,,Boolean,false,,,,"Выделяет корабли под управлением Пользовательского ИИ. Работает только в режиме разработчика.",,,,,Отладка и прочее
aitweaks_remove_combat_map_grid,,,,Убрать сетку боевой карты,,Boolean,false,,,,"Убирает квадратную сетку с боевой карты.",,,,,Отладка и прочее
aitweaks_enable_simulator_custom_ai,,,,Пользовательский ИИ в симуляторе,,Boolean,false,,,,"Подходящие корабли противника в симуляторе управляются Пользовательским ИИ.",,,,,Отладка и прочее
aitweaks_enable_all_custom_ai,,,,Пользовательский ИИ на всех кораблях,,Boolean,false,,,,"Все подходящие корабли управляются Пользовательским ИИ. Он ещё не закончен, поэтому хороших результатов ожидать не стоит.",,,,,Отладка и прочее
aitweaks_enable_title_screen_fire,,,,Стрельба на главном экране,,Boolean,true,,,,"Корабли на главном экране стреляют по астероидам.",,,,,Отладка и прочее
aitweaks_hide_hullmods,,,,Скрыть модификации «Настроек ИИ»,,Boolean,false,,,,"Показывает модификации корпуса только на вкладке мода в экране переоснащения. Требуется перезапуск.",,,,,Отладка и прочее
