fieldID,fieldName,fieldType,defaultValue,secondaryValue,fieldDescription,minValue,maxValue,tab
tme_note_header,Примечание,Header,Примечания,,,,,
tme_note,Примечание,Text,Чтобы изменения настроек вступили в силу во время игры — перезагрузите сохранение и заново постройте сооружения мода.,,,,,
,,,,,,,,
tme_build_time_settings_header,Настройки времени строительства,Header,Настройки времени строительства,,,,,
tme_build_time_settings,Множитель времени строительства,Radio,Normal,"Fast, Normal, Slow, Custom ","На это значение умножается время выполнения проекта терраформирования или строительства мегаструктуры.

Быстро — 0.5
Обычно — 1.0
Медленно — 2.0
Вручную — используется заданный ниже множитель времени строительства",,,
tme_custom_build_time_settings,Свой множитель времени строительства,Double,1,,,0.2,10,
,,,,,,,,
tme_build_cost_settings_header,Настройки стоимости строительства,Header,Настройки стоимости строительства,,,,,
tme_build_cost_settings,Множитель стоимости строительства,Radio,Normal,"Low, Normal, High, Custom ","На это значение умножается стоимость выполнения проекта терраформирования или строительства мегаструктуры.

Низкая — 0.5
Обычная — 1.0
Высокая — 2.0
Вручную — используется заданный ниже множитель стоимости строительства",,,
tme_custom_build_cost_settings,Свой множитель стоимости строительства,Double,1,,,0.2,10,
,,,,,,,,
